,model_name,actions,x_pos,y_pos,q0,q1,q2
0,exp0-nov2023_comp_plain-seed_0-mode_camera-vision,0,1,1,41.59469,25.378105,26.51718
1,exp0-nov2023_comp_plain-seed_0-mode_camera-vision,0,2,1,40.148907,26.62104,32.997593
2,exp0-nov2023_comp_plain-seed_0-mode_camera-vision,0,3,1,39.969105,30.308758,26.828087
3,exp0-nov2023_comp_plain-seed_0-mode_camera-vision,0,4,1,29.992662,25.252056,24.818562
4,exp0-nov2023_comp_plain-seed_0-mode_camera-vision,0,5,1,30.717344,27.940819,29.45562
5,exp0-nov2023_comp_plain-seed_0-mode_camera-vision,0,6,1,29.312464,29.162643,26.213589
6,exp0-nov2023_comp_plain-seed_0-mode_camera-vision,2,6,0,-26.477386,30.76424,34.473263
7,exp0-nov2023_comp_plain-seed_0-mode_camera-vision,0,7,0,40.58705,14.928742,0.1379772
8,exp0-nov2023_comp_plain-seed_0-mode_camera-vision,0,8,0,40.348206,-20.190073,11.813008
9,exp0-nov2023_comp_plain-seed_0-mode_camera-vision,0,9,0,43.223194,24.554432,10.133794
10,exp0-nov2023_comp_plain-seed_0-mode_camera-vision,0,10,0,41.0344,18.625496,13.74589
11,exp0-nov2023_comp_plain-seed_0-mode_camera-vision,0,11,0,38.239674,15.631131,18.202995
12,exp0-nov2023_comp_plain-seed_0-mode_camera-vision,0,12,0,32.17669,-28.102121,13.656745
13,exp0-nov2023_comp_plain-seed_0-mode_camera-vision,0,13,0,24.12998,21.21497,7.8284626
14,exp0-nov2023_comp_plain-seed_0-mode_camera-vision,0,14,0,19.703978,15.60765,1.2695953
15,exp0-nov2023_comp_plain-seed_0-mode_camera-vision,1,14,1,3.7907631,22.371931,3.2619467
16,exp0-nov2023_comp_plain-seed_0-mode_camera-vision,1,14,2,-6.412176,28.124584,12.566258
17,exp0-nov2023_comp_plain-seed_0-mode_camera-vision,0,15,2,44.11213,15.614986,14.779174
18,exp0-nov2023_comp_plain-seed_0-mode_camera-vision,0,16,2,30.251421,13.643481,-13.365472
19,exp0-nov2023_comp_plain-seed_0-mode_camera-vision,0,17,2,26.056026,11.391604,19.100853
20,exp0-nov2023_comp_plain-seed_0-mode_camera-vision,0,18,2,32.51245,15.057565,29.502283
21,exp0-nov2023_comp_plain-seed_0-mode_camera-vision,2,18,1,-34.549076,10.855819,27.923347
22,exp0-nov2023_comp_plain-seed_0-mode_camera-vision,0,19,1,39.494366,22.575087,26.747978
23,exp0-nov2023_comp_plain-seed_0-mode_camera-vision,0,20,1,42.773697,-6.0098214,10.675522
24,exp0-nov2023_comp_plain-seed_0-mode_camera-vision,0,21,1,40.842163,18.588245,26.80427
25,exp0-nov2023_comp_plain-seed_0-mode_camera-vision,0,22,1,38.16739,25.707355,28.510395
26,exp0-nov2023_comp_plain-seed_0-mode_camera-vision,0,23,1,36.361122,27.429647,18.03913
27,exp0-nov2023_comp_plain-seed_0-mode_camera-vision,1,23,2,23.632408,29.011173,0.2607003
28,exp0-nov2023_comp_plain-seed_0-mode_camera-vision,0,24,2,43.10425,16.87502,20.151306
29,exp0-nov2023_comp_plain-seed_0-mode_camera-vision,0,25,2,40.567307,20.260654,15.789654
30,exp0-nov2023_comp_plain-seed_0-mode_camera-vision,0,26,2,42.874,22.720123,28.276276
31,exp0-nov2023_comp_plain-seed_0-mode_camera-vision,0,27,2,42.056244,15.894187,17.423315
32,exp0-nov2023_comp_plain-seed_0-mode_camera-vision,0,28,2,30.4452,16.495943,-22.802584
33,exp0-nov2023_comp_plain-seed_0-mode_camera-vision,0,29,2,29.456228,5.5806093,20.702175
34,exp0-nov2023_comp_plain-seed_0-mode_camera-vision,0,30,2,30.66567,2.3164496,27.130772
35,exp0-nov2023_comp_plain-seed_0-mode_camera-vision,2,30,1,-7.395069,-5.037177,28.027073
36,exp0-nov2023_comp_plain-seed_0-mode_camera-vision,0,31,1,34.594208,12.083035,24.952919
37,exp0-nov2023_comp_plain-seed_0-mode_camera-vision,0,32,1,35.05786,5.5880947,-8.962338
38,exp0-nov2023_comp_plain-seed_0-mode_camera-vision,0,33,1,39.077263,14.670209,23.332764
39,exp0-nov2023_comp_plain-seed_0-mode_camera-vision,0,34,1,37.16084,9.903857,32.90513
40,exp0-nov2023_comp_plain-seed_0-mode_camera-vision,0,35,1,37.04087,17.052357,33.436623
41,exp0-nov2023_comp_plain-seed_0-mode_camera-vision,0,36,1,35.967113,-7.107822,31.302937
42,exp0-nov2023_comp_plain-seed_0-mode_camera-vision,0,37,1,38.190002,18.810188,30.568485
43,exp0-nov2023_comp_plain-seed_0-mode_camera-vision,0,38,1,38.048714,17.357853,35.45771
44,exp0-nov2023_comp_plain-seed_0-mode_camera-vision,0,39,1,35.801155,19.01124,35.39842
45,exp0-nov2023_comp_plain-seed_0-mode_camera-vision,0,40,1,27.784975,-8.865949,21.032307
46,exp0-nov2023_comp_plain-seed_0-mode_camera-vision,0,41,1,31.7548,15.775399,26.116482
47,exp0-nov2023_comp_plain-seed_0-mode_camera-vision,0,42,1,28.297155,7.9459352,26.537996
48,exp0-nov2023_comp_plain-seed_0-mode_camera-vision,2,42,0,-7.544797,6.001537,22.78193
49,exp0-nov2023_comp_plain-seed_0-mode_camera-vision,0,43,0,39.109726,18.06763,15.586011
50,exp0-nov2023_comp_plain-seed_0-mode_camera-vision,0,44,0,39.341347,-11.306836,14.814864
51,exp0-nov2023_comp_plain-seed_0-mode_camera-vision,0,45,0,36.103313,21.115082,11.744132
52,exp0-nov2023_comp_plain-seed_0-mode_camera-vision,0,46,0,37.828594,28.52774,14.558412
53,exp0-nov2023_comp_plain-seed_0-mode_camera-vision,0,47,0,37.58062,32.453598,12.850722
54,exp0-nov2023_comp_plain-seed_0-mode_camera-vision,0,48,0,40.024055,14.155085,9.978701
55,exp0-nov2023_comp_plain-seed_0-mode_camera-vision,0,49,0,36.92878,20.555614,14.041509
56,exp0-nov2023_comp_plain-seed_0-mode_camera-vision,0,50,0,39.440308,19.187347,16.475735
57,exp0-nov2023_comp_plain-seed_0-mode_camera-vision,0,51,0,39.119762,21.568123,17.52112
58,exp0-nov2023_comp_plain-seed_0-mode_camera-vision,0,52,0,31.453154,-26.833826,10.693375
59,exp0-nov2023_comp_plain-seed_0-mode_camera-vision,0,53,0,27.884823,21.715984,10.11778
60,exp0-nov2023_comp_plain-seed_0-mode_camera-vision,0,54,0,21.70712,18.822908,1.3056449
61,exp0-nov2023_comp_plain-seed_0-mode_camera-vision,1,54,1,-2.5502229,21.630013,-3.265186
62,exp0-nov2023_comp_plain-seed_0-mode_camera-vision,1,54,2,-8.067827,26.834087,10.676461
63,exp0-nov2023_comp_plain-seed_0-mode_camera-vision,0,55,2,44.308746,22.481813,13.655224
64,exp0-nov2023_comp_plain-seed_0-mode_camera-vision,0,56,2,27.906084,10.856033,-6.254976
65,exp0-nov2023_comp_plain-seed_0-mode_camera-vision,0,57,2,25.897202,9.468863,22.715996
66,exp0-nov2023_comp_plain-seed_0-mode_camera-vision,0,58,2,31.23476,13.097644,26.98571
67,exp0-nov2023_comp_plain-seed_0-mode_camera-vision,2,58,1,-35.798294,13.350148,31.55663
68,exp0-nov2023_comp_plain-seed_0-mode_camera-vision,0,59,1,42.817978,14.184176,28.306498
69,exp0-nov2023_comp_plain-seed_0-mode_camera-vision,0,60,1,40.804714,-13.494777,30.062557
70,exp0-nov2023_comp_plain-seed_0-mode_camera-vision,0,61,1,41.77475,20.125074,31.457108
71,exp0-nov2023_comp_plain-seed_0-mode_camera-vision,0,62,1,40.938015,13.347848,34.66678
72,exp0-nov2023_comp_plain-seed_0-mode_camera-vision,0,63,1,40.773922,22.71215,28.15412
73,exp0-nov2023_comp_plain-seed_0-mode_camera-vision,0,64,1,36.42667,-0.2276472,21.54494
74,exp0-nov2023_comp_plain-seed_0-mode_camera-vision,0,65,1,38.138298,24.988405,19.017962
75,exp0-nov2023_comp_plain-seed_0-mode_camera-vision,0,66,1,39.373367,29.570087,15.069617
76,exp0-nov2023_comp_plain-seed_0-mode_camera-vision,0,67,1,38.22883,28.75659,9.971553
77,exp0-nov2023_comp_plain-seed_0-mode_camera-vision,0,68,1,30.466055,22.769047,-12.623359
78,exp0-nov2023_comp_plain-seed_0-mode_camera-vision,0,69,1,30.509924,20.603714,20.301868
79,exp0-nov2023_comp_plain-seed_0-mode_camera-vision,0,70,1,31.390772,16.568783,27.323738
80,exp0-nov2023_comp_plain-seed_0-mode_camera-vision,2,70,0,-8.428484,15.294514,27.247871
81,exp0-nov2023_comp_plain-seed_0-mode_camera-vision,0,71,0,42.969223,20.072617,15.560689
82,exp0-nov2023_comp_plain-seed_0-mode_camera-vision,0,72,0,26.55942,-17.728935,6.0863647
83,exp0-nov2023_comp_plain-seed_0-mode_camera-vision,1,72,1,29.106407,30.062395,8.635204
84,exp0-nov2023_comp_plain-seed_0-mode_camera-vision,0,73,1,40.983635,26.752647,23.938545
85,exp0-nov2023_comp_plain-seed_0-mode_camera-vision,0,74,1,37.656635,31.486935,18.771671
86,exp0-nov2023_comp_plain-seed_0-mode_camera-vision,0,75,1,42.088135,29.981205,17.256416
87,exp0-nov2023_comp_plain-seed_0-mode_camera-vision,0,76,1,43.247833,33.720142,-7.00439
88,exp0-nov2023_comp_plain-seed_0-mode_camera-vision,0,77,1,42.662643,27.222855,21.115578
89,exp0-nov2023_comp_plain-seed_0-mode_camera-vision,0,78,1,41.530083,21.325943,30.792044
90,exp0-nov2023_comp_plain-seed_0-mode_camera-vision,0,79,1,41.618034,28.028582,28.72776
91,exp0-nov2023_comp_plain-seed_0-mode_camera-vision,0,80,1,29.446629,-11.3998575,2.346314
92,exp0-nov2023_comp_plain-seed_0-mode_camera-vision,0,81,1,32.409714,29.063507,9.664877
93,exp0-nov2023_comp_plain-seed_0-mode_camera-vision,0,82,1,30.050592,29.850029,11.492931
94,exp0-nov2023_comp_plain-seed_0-mode_camera-vision,1,82,2,-1.5150383,22.37149,8.466068
95,exp0-nov2023_comp_plain-seed_0-mode_camera-vision,0,83,2,38.808838,9.714019,22.124725
96,exp0-nov2023_comp_plain-seed_0-mode_camera-vision,0,84,2,35.578415,11.546802,-9.8216305
97,exp0-nov2023_comp_plain-seed_0-mode_camera-vision,0,85,2,29.601152,11.5592575,26.577934
98,exp0-nov2023_comp_plain-seed_0-mode_camera-vision,0,86,2,28.959366,13.536193,24.72853
99,exp0-nov2023_comp_plain-seed_0-mode_camera-vision,2,86,1,-43.939484,13.837796,28.423222
100,exp0-nov2023_comp_plain-seed_0-mode_camera-vision,0,87,1,39.064285,11.252074,30.507591
101,exp0-nov2023_comp_plain-seed_0-mode_camera-vision,0,88,1,26.826393,-1.8811258,20.997972
102,exp0-nov2023_comp_plain-seed_0-mode_camera-vision,0,89,1,32.635075,26.608503,27.42991
103,exp0-nov2023_comp_plain-seed_0-mode_camera-vision,0,90,1,28.157713,27.136007,20.29762
104,exp0-nov2023_comp_plain-seed_0-mode_camera-vision,2,90,0,-20.788622,27.874525,28.14032
105,exp0-nov2023_comp_plain-seed_0-mode_camera-vision,0,91,0,39.13304,12.595969,-0.54667944
106,exp0-nov2023_comp_plain-seed_0-mode_camera-vision,0,92,0,26.609825,-22.560518,-4.81826
107,exp0-nov2023_comp_plain-seed_0-mode_camera-vision,0,93,0,24.823309,20.290833,12.305871
108,exp0-nov2023_comp_plain-seed_0-mode_camera-vision,1,93,1,18.144817,19.951319,-3.5961995
109,exp0-nov2023_comp_plain-seed_0-mode_camera-vision,0,94,1,26.804184,24.58117,14.90178
110,exp0-nov2023_comp_plain-seed_0-mode_camera-vision,1,94,2,-0.026152253,29.276188,12.112112
111,exp0-nov2023_comp_plain-seed_0-mode_camera-vision,0,95,2,42.06553,18.895279,19.391172
112,exp0-nov2023_comp_plain-seed_0-mode_camera-vision,0,96,2,39.228725,17.330572,-7.1010914
113,exp0-nov2023_comp_plain-seed_0-mode_camera-vision,0,97,2,43.173985,11.499866,16.242123
114,exp0-nov2023_comp_plain-seed_0-mode_camera-vision,0,98,2,43.21262,18.871775,20.432411
115,exp0-nov2023_comp_plain-seed_0-mode_camera-vision,0,99,2,42.54641,20.94397,12.377016
116,exp0-nov2023_comp_plain-seed_0-mode_camera-vision,0,100,2,32.156487,23.340366,-21.814833
117,exp0-nov2023_comp_plain-seed_0-mode_camera-vision,0,101,2,34.00623,17.452873,21.542984
118,exp0-nov2023_comp_plain-seed_0-mode_camera-vision,0,102,2,31.922068,14.016749,28.7807
119,exp0-nov2023_comp_plain-seed_0-mode_camera-vision,2,102,1,-59.12331,9.744786,31.77844
120,exp0-nov2023_comp_plain-seed_0-mode_camera-vision,0,103,1,38.95948,17.028965,24.84058
121,exp0-nov2023_comp_plain-seed_0-mode_camera-vision,2,103,0,23.12,0.5118073,24.896376
122,exp0-nov2023_comp_plain-seed_0-mode_camera-vision,0,104,0,36.69829,22.529015,14.381045
123,exp0-nov2023_comp_plain-seed_0-mode_camera-vision,0,105,0,42.355003,26.608551,13.611154
124,exp0-nov2023_comp_plain-seed_0-mode_camera-vision,0,106,0,41.004417,18.142864,15.882062
125,exp0-nov2023_comp_plain-seed_0-mode_camera-vision,0,107,0,41.821526,22.254696,23.93348
126,exp0-nov2023_comp_plain-seed_0-mode_camera-vision,0,108,0,32.418785,-16.122961,15.98834
127,exp0-nov2023_comp_plain-seed_0-mode_camera-vision,0,109,0,36.1034,29.423061,7.4098825
128,exp0-nov2023_comp_plain-seed_0-mode_camera-vision,1,109,1,25.170557,27.749222,4.196561
129,exp0-nov2023_comp_plain-seed_0-mode_camera-vision,0,110,1,40.876877,19.464153,20.203144
130,exp0-nov2023_comp_plain-seed_0-mode_camera-vision,0,111,1,44.74453,29.056412,17.690468
131,exp0-nov2023_comp_plain-seed_0-mode_camera-vision,0,112,1,44.42733,1.2867376,-2.1304295
132,exp0-nov2023_comp_plain-seed_0-mode_camera-vision,0,113,1,41.234608,22.375767,26.945112
133,exp0-nov2023_comp_plain-seed_0-mode_camera-vision,0,114,1,44.456844,6.337157,34.524734
134,exp0-nov2023_comp_plain-seed_0-mode_camera-vision,0,115,1,38.61163,21.519718,32.753395
135,exp0-nov2023_comp_plain-seed_0-mode_camera-vision,0,116,1,36.785027,-1.5692469,22.511461
136,exp0-nov2023_comp_plain-seed_0-mode_camera-vision,0,117,1,39.409054,21.724865,21.119488
137,exp0-nov2023_comp_plain-seed_0-mode_camera-vision,0,118,1,37.53192,29.213776,18.53144
138,exp0-nov2023_comp_plain-seed_0-mode_camera-vision,0,119,1,41.424404,31.341988,14.235003
139,exp0-nov2023_comp_plain-seed_0-mode_camera-vision,0,120,1,29.548899,19.445389,-23.314192
140,exp0-nov2023_comp_plain-seed_0-mode_camera-vision,0,121,1,32.96196,26.023928,9.941436
141,exp0-nov2023_comp_plain-seed_0-mode_camera-vision,1,121,2,25.647547,28.562601,13.178092
142,exp0-nov2023_comp_plain-seed_0-mode_camera-vision,0,122,2,42.655834,19.999405,14.219106
143,exp0-nov2023_comp_plain-seed_0-mode_camera-vision,0,123,2,39.91815,17.446545,21.124039
144,exp0-nov2023_comp_plain-seed_0-mode_camera-vision,0,124,2,35.50884,16.591951,-15.366201
145,exp0-nov2023_comp_plain-seed_0-mode_camera-vision,0,125,2,31.532701,17.817741,23.764652
146,exp0-nov2023_comp_plain-seed_0-mode_camera-vision,2,125,1,27.921007,11.444334,28.79213
147,exp0-nov2023_comp_plain-seed_0-mode_camera-vision,0,126,1,34.483704,17.29895,27.842804
148,exp0-nov2023_comp_plain-seed_0-mode_camera-vision,0,127,1,32.012733,15.656311,29.402153
149,exp0-nov2023_comp_plain-seed_0-mode_camera-vision,0,128,1,38.42135,-14.26873,24.271526
150,exp0-nov2023_comp_plain-seed_0-mode_camera-vision,0,129,1,39.258068,22.202164,30.800661
151,exp0-nov2023_comp_plain-seed_0-mode_camera-vision,0,130,1,42.10565,16.5689,28.315304
152,exp0-nov2023_comp_plain-seed_0-mode_camera-vision,0,131,1,40.748444,24.245625,24.229866
153,exp0-nov2023_comp_plain-seed_0-mode_camera-vision,0,132,1,30.082361,-9.4015665,7.6698766
154,exp0-nov2023_comp_plain-seed_0-mode_camera-vision,0,133,1,29.601103,25.27898,7.940549
155,exp0-nov2023_comp_plain-seed_0-mode_camera-vision,1,133,2,25.669943,31.183569,11.639409
156,exp0-nov2023_comp_plain-seed_0-mode_camera-vision,0,134,2,41.73597,13.065497,11.28618
157,exp0-nov2023_comp_plain-seed_0-mode_camera-vision,0,135,2,42.93919,15.245411,14.112975
158,exp0-nov2023_comp_plain-seed_0-mode_camera-vision,0,136,2,35.30586,17.000324,-10.951281
159,exp0-nov2023_comp_plain-seed_0-mode_camera-vision,0,137,2,30.827272,9.023713,18.225502
160,exp0-nov2023_comp_plain-seed_0-mode_camera-vision,0,138,2,30.2094,15.531615,27.311462
161,exp0-nov2023_comp_plain-seed_0-mode_camera-vision,2,138,1,-32.388596,14.367502,27.88303
162,exp0-nov2023_comp_plain-seed_0-mode_camera-vision,0,139,1,40.7708,20.560266,28.88908
163,exp0-nov2023_comp_plain-seed_0-mode_camera-vision,0,140,1,39.961956,-4.2646704,19.114689
164,exp0-nov2023_comp_plain-seed_0-mode_camera-vision,0,141,1,40.97187,19.106953,22.863415
165,exp0-nov2023_comp_plain-seed_0-mode_camera-vision,0,142,1,39.506413,26.559753,24.291552
166,exp0-nov2023_comp_plain-seed_0-mode_camera-vision,0,143,1,37.17003,29.568449,22.995483
167,exp0-nov2023_comp_plain-seed_0-mode_camera-vision,1,143,2,27.788698,32.92515,-6.6041565
168,exp0-nov2023_comp_plain-seed_0-mode_camera-vision,0,144,2,39.675426,15.937251,15.816916
169,exp0-nov2023_comp_plain-seed_0-mode_camera-vision,0,145,2,39.09141,13.632757,18.826681
170,exp0-nov2023_comp_plain-seed_0-mode_camera-vision,0,146,2,39.183537,13.46595,20.983425
171,exp0-nov2023_comp_plain-seed_0-mode_camera-vision,0,147,2,35.74959,21.512943,16.337027
172,exp0-nov2023_comp_plain-seed_0-mode_camera-vision,0,148,2,27.964823,19.818155,-37.259033
173,exp0-nov2023_comp_plain-seed_0-mode_camera-vision,0,149,2,16.338419,10.963986,8.14643
174,exp0-nov2023_comp_plain-seed_0-mode_camera-vision,0,150,2,17.483889,7.1600947,14.632314
175,exp0-nov2023_comp_plain-seed_0-mode_camera-vision,2,150,1,-14.85517,4.451517,15.066293
176,exp0-nov2023_comp_plain-seed_0-mode_camera-vision,2,150,0,-13.733666,6.2874866,30.28046
177,exp0-nov2023_comp_plain-seed_0-mode_camera-vision,0,151,0,41.890305,21.22143,8.5008
178,exp0-nov2023_comp_plain-seed_0-mode_camera-vision,0,152,0,31.869688,-17.948868,-0.846574
179,exp0-nov2023_comp_plain-seed_0-mode_camera-vision,0,153,0,29.936926,28.531654,9.2474575
180,exp0-nov2023_comp_plain-seed_0-mode_camera-vision,0,154,0,33.25991,27.54697,9.553302
181,exp0-nov2023_comp_plain-seed_0-mode_camera-vision,1,154,1,-17.771143,29.177406,12.101296
182,exp0-nov2023_comp_plain-seed_0-mode_camera-vision,0,155,1,41.070576,26.992636,26.396378
183,exp0-nov2023_comp_plain-seed_0-mode_camera-vision,0,156,1,37.245823,20.026554,-8.515853
184,exp0-nov2023_comp_plain-seed_0-mode_camera-vision,0,157,1,42.62134,30.169743,19.410065
185,exp0-nov2023_comp_plain-seed_0-mode_camera-vision,0,158,1,44.23739,32.271526,19.650803
186,exp0-nov2023_comp_plain-seed_0-mode_camera-vision,0,159,1,44.190113,36.693027,18.385311
187,exp0-nov2023_comp_plain-seed_0-mode_camera-vision,0,160,1,31.203142,20.180824,-27.392075
188,exp0-nov2023_comp_plain-seed_0-mode_camera-vision,0,161,1,34.405975,32.866756,2.4334195
189,exp0-nov2023_comp_plain-seed_0-mode_camera-vision,1,161,2,19.504242,33.070732,7.887983
190,exp0-nov2023_comp_plain-seed_0-mode_camera-vision,0,162,2,44.507126,24.548725,14.32591
191,exp0-nov2023_comp_plain-seed_0-mode_camera-vision,0,163,2,39.93484,22.008663,25.23035
192,exp0-nov2023_comp_plain-seed_0-mode_camera-vision,0,164,2,44.260025,10.620039,-22.224041
193,exp0-nov2023_comp_plain-seed_0-mode_camera-vision,0,165,2,45.146408,15.938533,18.443052
194,exp0-nov2023_comp_plain-seed_0-mode_camera-vision,0,166,2,43.470222,25.54064,21.28164
195,exp0-nov2023_comp_plain-seed_0-mode_camera-vision,0,167,2,43.35148,17.935074,16.907204
196,exp0-nov2023_comp_plain-seed_0-mode_camera-vision,0,168,2,45.35119,19.590805,-24.059402
197,exp0-nov2023_comp_plain-seed_0-mode_camera-vision,0,169,2,45.23762,12.346427,22.57766
198,exp0-nov2023_comp_plain-seed_0-mode_camera-vision,0,170,2,41.324184,20.74221,22.888437
199,exp0-nov2023_comp_plain-seed_0-mode_camera-vision,0,171,2,40.32508,16.495472,17.381918
200,exp0-nov2023_comp_plain-seed_0-mode_camera-vision,0,172,2,33.280846,15.819497,-28.333529
201,exp0-nov2023_comp_plain-seed_0-mode_camera-vision,0,173,2,18.96943,6.916164,13.643203
202,exp0-nov2023_comp_plain-seed_0-mode_camera-vision,0,174,2,22.21591,8.576864,16.941109
203,exp0-nov2023_comp_plain-seed_0-mode_camera-vision,2,174,1,-16.999464,5.0501213,18.322609
204,exp0-nov2023_comp_plain-seed_0-mode_camera-vision,2,174,0,-15.219489,8.203599,31.972256
205,exp0-nov2023_comp_plain-seed_0-mode_camera-vision,0,175,0,45.139236,17.918093,12.562417
206,exp0-nov2023_comp_plain-seed_0-mode_camera-vision,0,176,0,31.861948,-16.37103,-2.4229636
207,exp0-nov2023_comp_plain-seed_0-mode_camera-vision,0,177,0,31.358957,29.26167,3.7174966
208,exp0-nov2023_comp_plain-seed_0-mode_camera-vision,0,178,0,31.27887,27.719791,5.7222843
209,exp0-nov2023_comp_plain-seed_0-mode_camera-vision,1,178,1,-25.757057,33.281857,10.304474
210,exp0-nov2023_comp_plain-seed_0-mode_camera-vision,0,179,1,41.33966,24.129501,29.166645
211,exp0-nov2023_comp_plain-seed_0-mode_camera-vision,0,180,1,42.09433,21.305128,18.067625
212,exp0-nov2023_comp_plain-seed_0-mode_camera-vision,0,181,1,39.17994,15.460005,27.69365
213,exp0-nov2023_comp_plain-seed_0-mode_camera-vision,0,182,1,45.31662,14.809136,40.336876
214,exp0-nov2023_comp_plain-seed_0-mode_camera-vision,0,183,1,42.00693,17.896832,31.573292
215,exp0-nov2023_comp_plain-seed_0-mode_camera-vision,2,183,0,28.226833,0.04126726,31.937002
216,exp0-nov2023_comp_plain-seed_0-mode_camera-vision,0,184,0,37.318253,16.593891,16.845646
217,exp0-nov2023_comp_plain-seed_0-mode_camera-vision,0,185,0,42.772697,25.541752,9.254703
218,exp0-nov2023_comp_plain-seed_0-mode_camera-vision,0,186,0,42.47863,14.533475,16.49902
219,exp0-nov2023_comp_plain-seed_0-mode_camera-vision,0,187,0,40.36532,19.962467,23.943085
220,exp0-nov2023_comp_plain-seed_0-mode_camera-vision,0,188,0,28.445662,-16.597075,10.60908
221,exp0-nov2023_comp_plain-seed_0-mode_camera-vision,0,189,0,30.151115,24.26176,4.538779
222,exp0-nov2023_comp_plain-seed_0-mode_camera-vision,1,189,1,24.38217,28.930973,8.229172
223,exp0-nov2023_comp_plain-seed_0-mode_camera-vision,0,190,1,40.003044,21.04976,23.288385
224,exp0-nov2023_comp_plain-seed_0-mode_camera-vision,0,191,1,43.837868,27.738766,20.40633
225,exp0-nov2023_comp_plain-seed_0-mode_camera-vision,0,192,1,38.34103,-10.26939,-3.681831
226,exp0-nov2023_comp_plain-seed_0-mode_camera-vision,0,193,1,42.85239,19.145367,27.015118
227,exp0-nov2023_comp_plain-seed_0-mode_camera-vision,0,194,1,41.35425,15.150537,23.372597
228,exp0-nov2023_comp_plain-seed_0-mode_camera-vision,0,195,1,37.589024,25.896765,21.453596
229,exp0-nov2023_comp_plain-seed_0-mode_camera-vision,1,195,2,23.357355,28.26751,6.8290353
230,exp0-nov2023_comp_plain-seed_0-mode_camera-vision,0,196,2,39.315258,20.063013,18.94378
231,exp0-nov2023_comp_plain-seed_0-mode_camera-vision,0,197,2,37.922638,19.05014,26.130768
232,exp0-nov2023_comp_plain-seed_0-mode_camera-vision,0,198,2,37.85762,15.144803,26.998383
233,exp0-nov2023_comp_plain-seed_0-mode_camera-vision,0,199,2,41.114464,17.632042,14.712981
234,exp0-nov2023_comp_plain-seed_0-mode_camera-vision,0,200,2,32.460545,17.95102,-42.293324
235,exp0-nov2023_comp_plain-seed_0-mode_camera-vision,0,201,2,25.952005,9.188515,13.767642
236,exp0-nov2023_comp_plain-seed_0-mode_camera-vision,0,202,2,22.34511,2.6076243,15.708087
237,exp0-nov2023_comp_plain-seed_0-mode_camera-vision,2,202,1,-5.0416403,1.4179713,17.351952
238,exp0-nov2023_comp_plain-seed_0-mode_camera-vision,2,202,0,-10.764421,5.7692857,26.217583
239,exp0-nov2023_comp_plain-seed_0-mode_camera-vision,0,203,0,40.852966,21.232403,14.340132
240,exp0-nov2023_comp_plain-seed_0-mode_camera-vision,0,204,0,41.471382,-13.30807,10.187793
241,exp0-nov2023_comp_plain-seed_0-mode_camera-vision,0,205,0,41.58121,28.250957,7.589672
242,exp0-nov2023_comp_plain-seed_0-mode_camera-vision,0,206,0,41.303135,27.996763,13.343299
243,exp0-nov2023_comp_plain-seed_0-mode_camera-vision,0,207,0,41.63832,32.591885,13.284869
244,exp0-nov2023_comp_plain-seed_0-mode_camera-vision,0,208,0,42.17591,16.487148,7.9053116
245,exp0-nov2023_comp_plain-seed_0-mode_camera-vision,0,209,0,38.1694,22.356777,11.8119955
246,exp0-nov2023_comp_plain-seed_0-mode_camera-vision,0,210,0,42.2157,18.67355,15.750674
247,exp0-nov2023_comp_plain-seed_0-mode_camera-vision,0,211,0,38.703796,13.345304,12.763608
248,exp0-nov2023_comp_plain-seed_0-mode_camera-vision,0,212,0,31.768715,-27.516788,16.331463
249,exp0-nov2023_comp_plain-seed_0-mode_camera-vision,0,213,0,27.021708,20.97716,9.770049
250,exp0-nov2023_comp_plain-seed_0-mode_camera-vision,1,213,1,18.270555,18.531107,-2.1032047
251,exp0-nov2023_comp_plain-seed_0-mode_camera-vision,1,213,2,25.760603,26.08017,14.014558
252,exp0-nov2023_comp_plain-seed_0-mode_camera-vision,0,214,2,41.80493,15.365431,17.490686
253,exp0-nov2023_comp_plain-seed_0-mode_camera-vision,0,215,2,36.24314,16.974434,18.499659
254,exp0-nov2023_comp_plain-seed_0-mode_camera-vision,0,216,2,41.976643,19.461428,-6.1816936
255,exp0-nov2023_comp_plain-seed_0-mode_camera-vision,0,217,2,38.11343,19.214914,16.877707
256,exp0-nov2023_comp_plain-seed_0-mode_camera-vision,0,218,2,40.42784,19.281424,31.232975
257,exp0-nov2023_comp_plain-seed_0-mode_camera-vision,0,219,2,40.822075,15.363731,33.928017
258,exp0-nov2023_comp_plain-seed_0-mode_camera-vision,0,220,2,33.804955,14.565344,27.646217
259,exp0-nov2023_comp_plain-seed_0-mode_camera-vision,0,221,2,35.306557,16.317966,28.672161
260,exp0-nov2023_comp_plain-seed_0-mode_camera-vision,0,222,2,32.056946,15.084767,28.491037
261,exp0-nov2023_comp_plain-seed_0-mode_camera-vision,2,222,1,-50.803917,13.860632,30.656168
262,exp0-nov2023_comp_plain-seed_0-mode_camera-vision,0,223,1,36.276653,14.184194,19.493685
263,exp0-nov2023_comp_plain-seed_0-mode_camera-vision,0,224,1,22.012869,-6.0219016,21.140131
264,exp0-nov2023_comp_plain-seed_0-mode_camera-vision,1,224,2,32.076424,35.29234,33.54998
265,exp0-nov2023_comp_plain-seed_0-mode_camera-vision,0,225,2,34.036015,19.1674,23.007591
266,exp0-nov2023_comp_plain-seed_0-mode_camera-vision,0,226,2,38.422348,26.468767,27.43457
267,exp0-nov2023_comp_plain-seed_0-mode_camera-vision,0,227,2,42.616085,13.436534,29.802513
268,exp0-nov2023_comp_plain-seed_0-mode_camera-vision,0,228,2,35.486626,13.753087,-23.978184
269,exp0-nov2023_comp_plain-seed_0-mode_camera-vision,0,229,2,26.802176,8.9232855,17.366299
270,exp0-nov2023_comp_plain-seed_0-mode_camera-vision,0,230,2,30.248606,4.8294344,25.748486
271,exp0-nov2023_comp_plain-seed_0-mode_camera-vision,2,230,1,-11.556836,-1.9288794,27.154408
272,exp0-nov2023_comp_plain-seed_0-mode_camera-vision,0,231,1,42.341965,10.961486,28.274246
273,exp0-nov2023_comp_plain-seed_0-mode_camera-vision,0,232,1,38.70192,6.4563985,-0.08975278
274,exp0-nov2023_comp_plain-seed_0-mode_camera-vision,0,233,1,41.240738,15.014801,22.052212
275,exp0-nov2023_comp_plain-seed_0-mode_camera-vision,0,234,1,41.901367,15.535783,32.392654
276,exp0-nov2023_comp_plain-seed_0-mode_camera-vision,0,235,1,39.576134,19.31091,33.402084
277,exp0-nov2023_comp_plain-seed_0-mode_camera-vision,2,235,0,28.588095,-12.159641,36.65843
278,exp0-nov2023_comp_plain-seed_0-mode_camera-vision,0,236,0,40.709885,17.872606,16.263407
279,exp0-nov2023_comp_plain-seed_0-mode_camera-vision,0,237,0,41.995377,18.709972,15.227664
280,exp0-nov2023_comp_plain-seed_0-mode_camera-vision,0,238,0,39.432667,24.46391,15.09227
281,exp0-nov2023_comp_plain-seed_0-mode_camera-vision,0,239,0,42.430973,18.531038,11.4566765
282,exp0-nov2023_comp_plain-seed_0-mode_camera-vision,0,240,0,40.64573,-20.545315,16.316902
283,exp0-nov2023_comp_plain-seed_0-mode_camera-vision,0,241,0,40.4857,26.501278,15.3469
284,exp0-nov2023_comp_plain-seed_0-mode_camera-vision,0,242,0,36.94084,16.369757,13.513302
285,exp0-nov2023_comp_plain-seed_0-mode_camera-vision,0,243,0,36.405827,19.724136,18.084866
286,exp0-nov2023_comp_plain-seed_0-mode_camera-vision,0,244,0,34.80494,-8.630033,15.688283
287,exp0-nov2023_comp_plain-seed_0-mode_camera-vision,0,245,0,38.196995,30.497282,13.60112
288,exp0-nov2023_comp_plain-seed_0-mode_camera-vision,0,246,0,38.1689,29.709217,13.272086
289,exp0-nov2023_comp_plain-seed_0-mode_camera-vision,0,247,0,38.848557,30.326109,12.846559
290,exp0-nov2023_comp_plain-seed_0-mode_camera-vision,0,248,0,43.295315,19.37222,13.099788
291,exp0-nov2023_comp_plain-seed_0-mode_camera-vision,0,249,0,39.0279,19.721004,11.683725
292,exp0-nov2023_comp_plain-seed_0-mode_camera-vision,0,250,0,42.454544,19.193375,13.991604
293,exp0-nov2023_comp_plain-seed_0-mode_camera-vision,0,251,0,38.551743,17.098919,22.450237
294,exp0-nov2023_comp_plain-seed_0-mode_camera-vision,0,252,0,34.03282,-30.592503,14.498174
295,exp0-nov2023_comp_plain-seed_0-mode_camera-vision,0,253,0,27.842794,19.76574,9.11038
296,exp0-nov2023_comp_plain-seed_0-mode_camera-vision,0,254,0,18.772554,17.248516,4.1228127
297,exp0-nov2023_comp_plain-seed_0-mode_camera-vision,1,254,1,5.5609922,21.608665,-3.0428345
298,exp0-nov2023_comp_plain-seed_0-mode_camera-vision,1,254,2,-6.43997,29.715141,9.571408
299,exp0-nov2023_comp_plain-seed_0-mode_camera-vision,0,255,2,46.181053,15.9356575,14.569902
300,exp0-nov2023_comp_plain-seed_0-mode_camera-vision,0,256,2,31.544415,15.556054,2.2227788
301,exp0-nov2023_comp_plain-seed_0-mode_camera-vision,0,257,2,23.532333,8.704547,22.44646
302,exp0-nov2023_comp_plain-seed_0-mode_camera-vision,0,258,2,32.168644,15.613623,27.523685
303,exp0-nov2023_comp_plain-seed_0-mode_camera-vision,2,258,1,-32.656284,16.745415,32.59208
304,exp0-nov2023_comp_plain-seed_0-mode_camera-vision,0,259,1,41.434593,26.717068,32.004124
305,exp0-nov2023_comp_plain-seed_0-mode_camera-vision,0,260,1,43.574764,2.537992,20.171825
306,exp0-nov2023_comp_plain-seed_0-mode_camera-vision,0,261,1,42.353336,20.582222,19.162462
307,exp0-nov2023_comp_plain-seed_0-mode_camera-vision,0,262,1,43.084663,24.586159,19.355583
308,exp0-nov2023_comp_plain-seed_0-mode_camera-vision,0,263,1,39.921677,25.486467,19.076412
309,exp0-nov2023_comp_plain-seed_0-mode_camera-vision,0,264,1,28.797472,24.429564,3.4639616
310,exp0-nov2023_comp_plain-seed_0-mode_camera-vision,0,265,1,30.830702,30.110435,23.659065
311,exp0-nov2023_comp_plain-seed_0-mode_camera-vision,0,266,1,29.340662,28.560165,26.735418
312,exp0-nov2023_comp_plain-seed_0-mode_camera-vision,1,266,2,-36.83428,32.494007,28.439133
313,exp0-nov2023_comp_plain-seed_0-mode_camera-vision,0,267,2,43.675438,12.084272,10.589894
314,exp0-nov2023_comp_plain-seed_0-mode_camera-vision,0,268,2,28.311329,10.293285,-11.495274
315,exp0-nov2023_comp_plain-seed_0-mode_camera-vision,0,269,2,22.588383,8.340552,19.171883
316,exp0-nov2023_comp_plain-seed_0-mode_camera-vision,0,270,2,18.633005,5.9946666,16.80545
317,exp0-nov2023_comp_plain-seed_0-mode_camera-vision,2,270,1,-14.139127,2.0487397,20.349312
318,exp0-nov2023_comp_plain-seed_0-mode_camera-vision,2,270,0,-25.087473,10.522864,27.854078
319,exp0-nov2023_comp_plain-seed_0-mode_camera-vision,0,271,0,43.541843,21.83149,15.125153
320,exp0-nov2023_comp_plain-seed_0-mode_camera-vision,0,272,0,30.485893,-12.143051,2.4072943
321,exp0-nov2023_comp_plain-seed_0-mode_camera-vision,0,273,0,32.220154,25.836264,6.0757184
322,exp0-nov2023_comp_plain-seed_0-mode_camera-vision,0,274,0,33.51996,26.654427,11.163481
323,exp0-nov2023_comp_plain-seed_0-mode_camera-vision,1,274,1,-24.689104,30.518497,11.9236355
324,exp0-nov2023_comp_plain-seed_0-mode_camera-vision,0,275,1,42.40338,28.298946,28.417675
325,exp0-nov2023_comp_plain-seed_0-mode_camera-vision,0,276,1,35.84405,21.360188,17.364311
326,exp0-nov2023_comp_plain-seed_0-mode_camera-vision,2,276,0,24.34088,22.083506,29.492233
327,exp0-nov2023_comp_plain-seed_0-mode_camera-vision,0,277,0,33.27888,27.155617,13.300534
328,exp0-nov2023_comp_plain-seed_0-mode_camera-vision,0,278,0,28.349995,26.54909,10.999443
329,exp0-nov2023_comp_plain-seed_0-mode_camera-vision,1,278,1,-3.394375,33.794968,3.7003598
330,exp0-nov2023_comp_plain-seed_0-mode_camera-vision,0,279,1,40.159035,22.071516,28.884418
331,exp0-nov2023_comp_plain-seed_0-mode_camera-vision,0,280,1,27.419607,5.6906424,7.8937507
332,exp0-nov2023_comp_plain-seed_0-mode_camera-vision,0,281,1,34.993877,20.489338,29.205437
333,exp0-nov2023_comp_plain-seed_0-mode_camera-vision,0,282,1,32.3862,12.630935,30.776394
334,exp0-nov2023_comp_plain-seed_0-mode_camera-vision,2,282,0,25.586866,21.977057,26.166044
335,exp0-nov2023_comp_plain-seed_0-mode_camera-vision,0,283,0,39.236412,16.087362,12.64803
336,exp0-nov2023_comp_plain-seed_0-mode_camera-vision,0,284,0,36.447327,-9.446166,11.762709
337,exp0-nov2023_comp_plain-seed_0-mode_camera-vision,0,285,0,39.739983,20.77864,12.753518
338,exp0-nov2023_comp_plain-seed_0-mode_camera-vision,0,286,0,36.696907,11.833248,19.7359
339,exp0-nov2023_comp_plain-seed_0-mode_camera-vision,0,287,0,37.46164,22.822372,20.500023
340,exp0-nov2023_comp_plain-seed_0-mode_camera-vision,0,288,0,39.989075,-23.33869,13.99021
341,exp0-nov2023_comp_plain-seed_0-mode_camera-vision,0,289,0,37.94638,15.050641,13.236953
342,exp0-nov2023_comp_plain-seed_0-mode_camera-vision,0,290,0,41.91483,15.880331,14.912626
343,exp0-nov2023_comp_plain-seed_0-mode_camera-vision,0,291,0,39.397816,19.095842,19.33165
344,exp0-nov2023_comp_plain-seed_0-mode_camera-vision,0,292,0,42.31063,-27.018246,20.946684
345,exp0-nov2023_comp_plain-seed_0-mode_camera-vision,0,293,0,46.910767,19.869366,13.3408
346,exp0-nov2023_comp_plain-seed_0-mode_camera-vision,0,294,0,38.535507,21.113558,13.901808
347,exp0-nov2023_comp_plain-seed_0-mode_camera-vision,0,295,0,42.093296,26.651459,17.231844
348,exp0-nov2023_comp_plain-seed_0-mode_camera-vision,0,296,0,32.95045,-3.949568,4.395075
349,exp0-nov2023_comp_plain-seed_0-mode_camera-vision,1,296,1,27.951128,32.32495,10.998606
350,exp0-nov2023_comp_plain-seed_0-mode_camera-vision,0,297,1,45.352116,30.651237,26.27057
351,exp0-nov2023_comp_plain-seed_0-mode_camera-vision,0,298,1,43.940544,31.716198,19.176304
352,exp0-nov2023_comp_plain-seed_0-mode_camera-vision,0,299,1,39.53856,29.632683,22.049372
353,exp0-nov2023_comp_plain-seed_0-mode_camera-vision,0,300,1,39.345295,22.786175,-1.6850451
354,exp0-nov2023_comp_plain-seed_0-mode_camera-vision,0,301,1,45.340187,17.866352,29.913658
355,exp0-nov2023_comp_plain-seed_0-mode_camera-vision,0,302,1,37.88906,12.200995,36.592846
356,exp0-nov2023_comp_plain-seed_0-mode_camera-vision,0,303,1,37.816032,12.162051,28.33483
357,exp0-nov2023_comp_plain-seed_0-mode_camera-vision,0,304,1,30.622232,-2.550979,30.164602
358,exp0-nov2023_comp_plain-seed_0-mode_camera-vision,0,305,1,29.140177,25.182232,25.602398
359,exp0-nov2023_comp_plain-seed_0-mode_camera-vision,0,306,1,30.452305,27.093475,23.762196
360,exp0-nov2023_comp_plain-seed_0-mode_camera-vision,2,306,0,-34.078518,29.875385,31.314243
361,exp0-nov2023_comp_plain-seed_0-mode_camera-vision,0,307,0,39.373497,15.526752,6.3600163
362,exp0-nov2023_comp_plain-seed_0-mode_camera-vision,0,308,0,30.498583,-3.3765838,-0.08917849
363,exp0-nov2023_comp_plain-seed_0-mode_camera-vision,0,309,0,29.373384,25.712715,6.0327063
364,exp0-nov2023_comp_plain-seed_0-mode_camera-vision,0,310,0,29.062468,26.507942,1.7489303
365,exp0-nov2023_comp_plain-seed_0-mode_camera-vision,1,310,1,-3.4493935,23.008842,6.724642
366,exp0-nov2023_comp_plain-seed_0-mode_camera-vision,0,311,1,38.890297,20.471916,12.93223
367,exp0-nov2023_comp_plain-seed_0-mode_camera-vision,0,312,1,43.665714,3.4581764,-10.449594
368,exp0-nov2023_comp_plain-seed_0-mode_camera-vision,0,313,1,39.004246,32.01933,20.344694
369,exp0-nov2023_comp_plain-seed_0-mode_camera-vision,0,314,1,44.06201,25.203156,22.514587
370,exp0-nov2023_comp_plain-seed_0-mode_camera-vision,0,315,1,41.922802,33.157497,14.366492
371,exp0-nov2023_comp_plain-seed_0-mode_camera-vision,0,316,1,43.25901,35.4395,-2.7700958
372,exp0-nov2023_comp_plain-seed_0-mode_camera-vision,0,317,1,43.49387,28.977064,23.309006
373,exp0-nov2023_comp_plain-seed_0-mode_camera-vision,0,318,1,41.448875,35.450497,25.61763
374,exp0-nov2023_comp_plain-seed_0-mode_camera-vision,0,319,1,41.295517,38.13971,19.510614
375,exp0-nov2023_comp_plain-seed_0-mode_camera-vision,0,320,1,30.247583,16.140146,-13.986123
376,exp0-nov2023_comp_plain-seed_0-mode_camera-vision,0,321,1,34.73085,34.665672,5.3322225
377,exp0-nov2023_comp_plain-seed_0-mode_camera-vision,0,322,1,35.256935,32.05081,10.905326
378,exp0-nov2023_comp_plain-seed_0-mode_camera-vision,1,322,2,14.717619,29.30656,12.847924
379,exp0-nov2023_comp_plain-seed_0-mode_camera-vision,0,323,2,42.28015,9.058405,23.805664
380,exp0-nov2023_comp_plain-seed_0-mode_camera-vision,0,324,2,38.95387,15.827475,-4.248661
381,exp0-nov2023_comp_plain-seed_0-mode_camera-vision,0,325,2,38.96517,13.61321,28.649616
382,exp0-nov2023_comp_plain-seed_0-mode_camera-vision,0,326,2,38.912544,18.390259,29.097715
383,exp0-nov2023_comp_plain-seed_0-mode_camera-vision,0,327,2,43.04739,18.88699,28.510208
384,exp0-nov2023_comp_plain-seed_0-mode_camera-vision,0,328,2,45.966316,11.521555,18.001099
385,exp0-nov2023_comp_plain-seed_0-mode_camera-vision,0,329,2,45.93952,12.644046,20.635696
386,exp0-nov2023_comp_plain-seed_0-mode_camera-vision,0,330,2,42.991753,17.033438,17.100271
387,exp0-nov2023_comp_plain-seed_0-mode_camera-vision,0,331,2,46.420185,17.775547,14.968125
388,exp0-nov2023_comp_plain-seed_0-mode_camera-vision,0,332,2,32.274113,21.005333,-35.704487
389,exp0-nov2023_comp_plain-seed_0-mode_camera-vision,0,333,2,20.623438,7.2696433,15.900794
390,exp0-nov2023_comp_plain-seed_0-mode_camera-vision,2,333,1,19.347124,8.658989,21.490889
391,exp0-nov2023_comp_plain-seed_0-mode_camera-vision,0,334,1,28.185432,20.434586,26.492771
392,exp0-nov2023_comp_plain-seed_0-mode_camera-vision,2,334,0,-9.994923,15.668595,26.420578
393,exp0-nov2023_comp_plain-seed_0-mode_camera-vision,0,335,0,42.80236,21.329624,15.511909
394,exp0-nov2023_comp_plain-seed_0-mode_camera-vision,0,336,0,29.339281,-17.606323,-0.2604589
395,exp0-nov2023_comp_plain-seed_0-mode_camera-vision,0,337,0,33.3403,23.123405,5.3948545
396,exp0-nov2023_comp_plain-seed_0-mode_camera-vision,0,338,0,35.66057,31.590279,4.641581
397,exp0-nov2023_comp_plain-seed_0-mode_camera-vision,1,338,1,-20.864595,31.675877,8.39716
398,exp0-nov2023_comp_plain-seed_0-mode_camera-vision,0,339,1,43.06207,24.488756,28.42034
399,exp0-nov2023_comp_plain-seed_0-mode_camera-vision,0,340,1,36.639664,20.727135,-7.92962
400,exp0-nov2023_comp_plain-seed_0-mode_camera-vision,0,341,1,42.843533,29.73328,24.13823
401,exp0-nov2023_comp_plain-seed_0-mode_camera-vision,0,342,1,43.19026,27.554066,20.99256
402,exp0-nov2023_comp_plain-seed_0-mode_camera-vision,0,343,1,41.550705,32.92872,21.080727
403,exp0-nov2023_comp_plain-seed_0-mode_camera-vision,0,344,1,40.75589,22.271736,-10.909467
404,exp0-nov2023_comp_plain-seed_0-mode_camera-vision,0,345,1,41.2238,22.270218,28.921274
405,exp0-nov2023_comp_plain-seed_0-mode_camera-vision,0,346,1,42.61741,14.00286,28.409372
406,exp0-nov2023_comp_plain-seed_0-mode_camera-vision,0,347,1,38.410965,21.463823,26.232061
407,exp0-nov2023_comp_plain-seed_0-mode_camera-vision,0,348,1,33.966393,-17.181538,17.926142
408,exp0-nov2023_comp_plain-seed_0-mode_camera-vision,0,349,1,30.109955,25.083767,17.24868
409,exp0-nov2023_comp_plain-seed_0-mode_camera-vision,1,349,2,29.44731,29.466255,18.631283
410,exp0-nov2023_comp_plain-seed_0-mode_camera-vision,0,350,2,43.302986,11.066258,17.508429
411,exp0-nov2023_comp_plain-seed_0-mode_camera-vision,0,351,2,43.353134,19.125088,14.779624
412,exp0-nov2023_comp_plain-seed_0-mode_camera-vision,0,352,2,32.240547,13.2755575,-7.4514556
413,exp0-nov2023_comp_plain-seed_0-mode_camera-vision,0,353,2,31.590345,15.092628,15.994917
414,exp0-nov2023_comp_plain-seed_0-mode_camera-vision,0,354,2,32.51514,11.352593,29.989468
415,exp0-nov2023_comp_plain-seed_0-mode_camera-vision,2,354,1,-34.062496,13.750125,28.874653
416,exp0-nov2023_comp_plain-seed_0-mode_camera-vision,0,355,1,32.95629,18.638744,27.099987
417,exp0-nov2023_comp_plain-seed_0-mode_camera-vision,0,356,1,27.337826,-6.146843,9.781617
418,exp0-nov2023_comp_plain-seed_0-mode_camera-vision,0,357,1,29.51215,22.61446,24.956615
419,exp0-nov2023_comp_plain-seed_0-mode_camera-vision,0,358,1,37.011154,26.886955,25.342545
420,exp0-nov2023_comp_plain-seed_0-mode_camera-vision,0,359,1,35.433372,28.272858,23.62401
421,exp0-nov2023_comp_plain-seed_0-mode_camera-vision,0,360,1,26.16436,8.781917,-9.407071
422,exp0-nov2023_comp_plain-seed_0-mode_camera-vision,2,360,0,29.680468,15.242207,30.240507
423,exp0-nov2023_comp_plain-seed_0-mode_camera-vision,0,361,0,44.0082,20.232597,15.546317
424,exp0-nov2023_comp_plain-seed_0-mode_camera-vision,0,362,0,40.766468,17.10508,17.470066
425,exp0-nov2023_comp_plain-seed_0-mode_camera-vision,0,363,0,42.514435,20.954277,20.95251
426,exp0-nov2023_comp_plain-seed_0-mode_camera-vision,0,364,0,31.002176,-2.1116052,13.079409
427,exp0-nov2023_comp_plain-seed_0-mode_camera-vision,1,364,1,24.531744,31.575768,7.723252
428,exp0-nov2023_comp_plain-seed_0-mode_camera-vision,0,365,1,40.818153,23.74902,19.679535
429,exp0-nov2023_comp_plain-seed_0-mode_camera-vision,0,366,1,40.35435,32.95554,25.091608
430,exp0-nov2023_comp_plain-seed_0-mode_camera-vision,0,367,1,38.409985,23.282612,19.078857
431,exp0-nov2023_comp_plain-seed_0-mode_camera-vision,0,368,1,30.608652,22.892643,10.465283
432,exp0-nov2023_comp_plain-seed_0-mode_camera-vision,0,369,1,28.281301,28.280552,25.202679
433,exp0-nov2023_comp_plain-seed_0-mode_camera-vision,0,370,1,30.695482,24.678045,24.103136
434,exp0-nov2023_comp_plain-seed_0-mode_camera-vision,2,370,0,-26.226545,25.488043,33.88092
435,exp0-nov2023_comp_plain-seed_0-mode_camera-vision,0,371,0,39.4086,9.383872,9.277112
436,exp0-nov2023_comp_plain-seed_0-mode_camera-vision,0,372,0,40.674824,-17.243952,12.329072
437,exp0-nov2023_comp_plain-seed_0-mode_camera-vision,0,373,0,39.823563,18.114279,10.726714
438,exp0-nov2023_comp_plain-seed_0-mode_camera-vision,0,374,0,39.707542,19.937223,11.53055
439,exp0-nov2023_comp_plain-seed_0-mode_camera-vision,0,375,0,44.44356,22.884705,14.221192
440,exp0-nov2023_comp_plain-seed_0-mode_camera-vision,0,376,0,39.451485,-15.983747,14.442777
441,exp0-nov2023_comp_plain-seed_0-mode_camera-vision,0,377,0,40.458237,33.128674,13.909969
442,exp0-nov2023_comp_plain-seed_0-mode_camera-vision,0,378,0,39.228928,13.325866,19.248394
443,exp0-nov2023_comp_plain-seed_0-mode_camera-vision,0,379,0,37.99282,23.068066,19.899965
444,exp0-nov2023_comp_plain-seed_0-mode_camera-vision,0,380,0,25.79976,-24.595505,20.051523
445,exp0-nov2023_comp_plain-seed_0-mode_camera-vision,1,380,1,28.146303,30.422363,9.07758
446,exp0-nov2023_comp_plain-seed_0-mode_camera-vision,0,381,1,42.454136,19.998081,24.743544
447,exp0-nov2023_comp_plain-seed_0-mode_camera-vision,0,382,1,40.0635,28.12032,26.26389
448,exp0-nov2023_comp_plain-seed_0-mode_camera-vision,0,383,1,39.109898,20.90981,20.438532
449,exp0-nov2023_comp_plain-seed_0-mode_camera-vision,0,384,1,29.50891,29.365597,-6.152464
450,exp0-nov2023_comp_plain-seed_0-mode_camera-vision,0,385,1,33.40284,22.88242,28.64671
451,exp0-nov2023_comp_plain-seed_0-mode_camera-vision,0,386,1,34.668854,29.998425,22.424244
452,exp0-nov2023_comp_plain-seed_0-mode_camera-vision,2,386,0,-21.120283,26.538368,31.077911
453,exp0-nov2023_comp_plain-seed_0-mode_camera-vision,0,387,0,35.711487,16.557178,13.468097
454,exp0-nov2023_comp_plain-seed_0-mode_camera-vision,0,388,0,30.827002,-3.05594,-0.06888549
455,exp0-nov2023_comp_plain-seed_0-mode_camera-vision,0,389,0,28.383423,22.719543,2.0029883
456,exp0-nov2023_comp_plain-seed_0-mode_camera-vision,1,389,1,25.318666,29.620274,4.0987053
457,exp0-nov2023_comp_plain-seed_0-mode_camera-vision,0,390,1,43.00755,18.61132,14.137961
458,exp0-nov2023_comp_plain-seed_0-mode_camera-vision,0,391,1,42.845413,28.988834,16.32656
459,exp0-nov2023_comp_plain-seed_0-mode_camera-vision,0,392,1,35.973274,-10.752065,-0.7707123
460,exp0-nov2023_comp_plain-seed_0-mode_camera-vision,0,393,1,39.472332,23.635704,30.582684
461,exp0-nov2023_comp_plain-seed_0-mode_camera-vision,0,394,1,34.735374,18.104294,18.97657
462,exp0-nov2023_comp_plain-seed_0-mode_camera-vision,0,395,1,36.33589,24.835056,22.720495
463,exp0-nov2023_comp_plain-seed_0-mode_camera-vision,0,396,1,35.910015,23.39872,-3.3405943
464,exp0-nov2023_comp_plain-seed_0-mode_camera-vision,0,397,1,38.481346,18.816849,27.11441
465,exp0-nov2023_comp_plain-seed_0-mode_camera-vision,0,398,1,38.437805,8.877756,37.271774
466,exp0-nov2023_comp_plain-seed_0-mode_camera-vision,2,398,0,34.54698,23.149914,36.350426
467,exp0-nov2023_comp_plain-seed_0-mode_camera-vision,0,399,0,41.954666,15.497231,21.842688
468,exp0-nov2023_comp_plain-seed_0-mode_camera-vision,0,400,0,36.714867,20.455624,12.3563
469,exp0-nov2023_comp_plain-seed_0-mode_camera-vision,0,401,0,43.531982,19.903013,7.537302
470,exp0-nov2023_comp_plain-seed_0-mode_camera-vision,0,402,0,37.100304,25.792404,13.5000925
471,exp0-nov2023_comp_plain-seed_0-mode_camera-vision,0,403,0,42.290062,23.58892,21.693085
472,exp0-nov2023_comp_plain-seed_0-mode_camera-vision,0,404,0,27.054506,2.422607,3.772681
473,exp0-nov2023_comp_plain-seed_0-mode_camera-vision,1,404,1,25.97681,28.70443,13.288449
474,exp0-nov2023_comp_plain-seed_0-mode_camera-vision,0,405,1,40.511497,21.971777,23.84053
475,exp0-nov2023_comp_plain-seed_0-mode_camera-vision,0,406,1,41.534676,31.758558,22.926376
476,exp0-nov2023_comp_plain-seed_0-mode_camera-vision,0,407,1,41.874523,28.578331,17.98426
477,exp0-nov2023_comp_plain-seed_0-mode_camera-vision,0,408,1,38.61185,23.356752,-12.758172
478,exp0-nov2023_comp_plain-seed_0-mode_camera-vision,0,409,1,41.172756,24.620443,19.478035
479,exp0-nov2023_comp_plain-seed_0-mode_camera-vision,0,410,1,39.882828,30.171537,14.635351
480,exp0-nov2023_comp_plain-seed_0-mode_camera-vision,0,411,1,37.079266,31.629244,14.515021
481,exp0-nov2023_comp_plain-seed_0-mode_camera-vision,0,412,1,31.061579,23.435154,-10.316962
482,exp0-nov2023_comp_plain-seed_0-mode_camera-vision,0,413,1,30.059984,18.538082,24.13908
483,exp0-nov2023_comp_plain-seed_0-mode_camera-vision,0,414,1,30.038233,11.209968,27.681484
484,exp0-nov2023_comp_plain-seed_0-mode_camera-vision,2,414,0,-6.170556,15.090345,30.87355
485,exp0-nov2023_comp_plain-seed_0-mode_camera-vision,0,415,0,45.052013,19.289438,10.627837
486,exp0-nov2023_comp_plain-seed_0-mode_camera-vision,0,416,0,28.471048,-13.324759,8.443309
487,exp0-nov2023_comp_plain-seed_0-mode_camera-vision,1,416,1,29.662132,31.631811,3.2251954
488,exp0-nov2023_comp_plain-seed_0-mode_camera-vision,0,417,1,41.737213,26.090366,24.4991
489,exp0-nov2023_comp_plain-seed_0-mode_camera-vision,0,418,1,35.403244,25.33283,20.739727
490,exp0-nov2023_comp_plain-seed_0-mode_camera-vision,0,419,1,43.95574,27.48627,15.527522
491,exp0-nov2023_comp_plain-seed_0-mode_camera-vision,0,420,1,34.584793,25.363338,7.1574454
492,exp0-nov2023_comp_plain-seed_0-mode_camera-vision,0,421,1,38.327835,19.241365,21.882729
493,exp0-nov2023_comp_plain-seed_0-mode_camera-vision,0,422,1,38.820206,18.327728,32.937714
494,exp0-nov2023_comp_plain-seed_0-mode_camera-vision,0,423,1,41.108418,23.433182,22.856361
495,exp0-nov2023_comp_plain-seed_0-mode_camera-vision,0,424,1,26.193626,16.070839,20.849579
496,exp0-nov2023_comp_plain-seed_0-mode_camera-vision,0,425,1,28.376339,27.074959,25.383587
497,exp0-nov2023_comp_plain-seed_0-mode_camera-vision,1,425,2,26.972498,30.760862,20.084553
498,exp0-nov2023_comp_plain-seed_0-mode_camera-vision,0,426,2,42.74575,17.789667,24.341736
499,exp0-nov2023_comp_plain-seed_0-mode_camera-vision,0,427,2,45.80528,24.410566,15.630717
500,exp0-nov2023_comp_plain-seed_0-mode_camera-vision,0,428,2,41.631683,22.348036,-45.875893
501,exp0-nov2023_comp_plain-seed_0-mode_camera-vision,0,429,2,47.088753,17.04994,22.43261
502,exp0-nov2023_comp_plain-seed_0-mode_camera-vision,0,430,2,42.80567,13.359305,20.654486
503,exp0-nov2023_comp_plain-seed_0-mode_camera-vision,0,431,2,47.866776,15.508644,20.18721
504,exp0-nov2023_comp_plain-seed_0-mode_camera-vision,0,432,2,32.45934,11.190876,-11.266365
505,exp0-nov2023_comp_plain-seed_0-mode_camera-vision,0,433,2,31.789328,11.988538,20.928335
506,exp0-nov2023_comp_plain-seed_0-mode_camera-vision,0,434,2,33.95365,14.189006,31.979456
507,exp0-nov2023_comp_plain-seed_0-mode_camera-vision,2,434,1,-32.847977,12.557249,32.040115
508,exp0-nov2023_comp_plain-seed_0-mode_camera-vision,0,435,1,33.629234,14.446005,32.50204
509,exp0-nov2023_comp_plain-seed_0-mode_camera-vision,2,435,0,21.040617,-8.436739,28.09637
510,exp0-nov2023_comp_plain-seed_0-mode_camera-vision,0,436,0,42.023018,26.118736,20.11754
511,exp0-nov2023_comp_plain-seed_0-mode_camera-vision,0,437,0,41.151703,23.322403,16.252045
512,exp0-nov2023_comp_plain-seed_0-mode_camera-vision,0,438,0,39.773495,26.905336,12.230376
513,exp0-nov2023_comp_plain-seed_0-mode_camera-vision,0,439,0,39.733166,27.167908,12.712026
514,exp0-nov2023_comp_plain-seed_0-mode_camera-vision,0,440,0,39.989662,20.051239,14.352674
515,exp0-nov2023_comp_plain-seed_0-mode_camera-vision,0,441,0,40.141403,14.099646,5.66081
516,exp0-nov2023_comp_plain-seed_0-mode_camera-vision,0,442,0,39.47959,19.12334,13.249425
517,exp0-nov2023_comp_plain-seed_0-mode_camera-vision,0,443,0,39.431103,22.774294,18.912144
518,exp0-nov2023_comp_plain-seed_0-mode_camera-vision,0,444,0,42.621143,-4.461147,6.1421847
519,exp0-nov2023_comp_plain-seed_0-mode_camera-vision,0,445,0,42.529305,25.015419,17.475838
520,exp0-nov2023_comp_plain-seed_0-mode_camera-vision,0,446,0,41.567547,25.942282,14.15878
521,exp0-nov2023_comp_plain-seed_0-mode_camera-vision,0,447,0,37.041977,24.027073,9.641003
522,exp0-nov2023_comp_plain-seed_0-mode_camera-vision,0,448,0,40.141273,-14.108238,14.852028
523,exp0-nov2023_comp_plain-seed_0-mode_camera-vision,0,449,0,40.30541,25.469406,13.554143
524,exp0-nov2023_comp_plain-seed_0-mode_camera-vision,0,450,0,41.94969,17.533077,10.864497
525,exp0-nov2023_comp_plain-seed_0-mode_camera-vision,0,451,0,38.159603,16.062061,19.156307
526,exp0-nov2023_comp_plain-seed_0-mode_camera-vision,0,452,0,32.475204,-27.424788,11.851237
527,exp0-nov2023_comp_plain-seed_0-mode_camera-vision,0,453,0,28.281404,19.224863,6.0767126
528,exp0-nov2023_comp_plain-seed_0-mode_camera-vision,0,454,0,19.466574,18.39878,0.38483673
529,exp0-nov2023_comp_plain-seed_0-mode_camera-vision,1,454,1,0.6841314,22.27343,9.054492
530,exp0-nov2023_comp_plain-seed_0-mode_camera-vision,1,454,2,-17.888803,30.54283,17.732033
531,exp0-nov2023_comp_plain-seed_0-mode_camera-vision,0,455,2,45.743217,19.19449,18.865425
532,exp0-nov2023_comp_plain-seed_0-mode_camera-vision,0,456,2,32.75436,18.890816,-7.780088
533,exp0-nov2023_comp_plain-seed_0-mode_camera-vision,0,457,2,26.598427,7.3474045,17.620094
534,exp0-nov2023_comp_plain-seed_0-mode_camera-vision,0,458,2,30.835693,15.227279,29.109577
535,exp0-nov2023_comp_plain-seed_0-mode_camera-vision,2,458,1,-39.05831,11.971337,26.02908
536,exp0-nov2023_comp_plain-seed_0-mode_camera-vision,0,459,1,39.23883,20.259575,23.885551
537,exp0-nov2023_comp_plain-seed_0-mode_camera-vision,0,460,1,37.804077,-4.477297,14.104602
538,exp0-nov2023_comp_plain-seed_0-mode_camera-vision,0,461,1,40.466045,19.571362,27.953098
539,exp0-nov2023_comp_plain-seed_0-mode_camera-vision,0,462,1,37.746178,20.644505,27.78685
540,exp0-nov2023_comp_plain-seed_0-mode_camera-vision,0,463,1,37.80105,21.968544,23.064983
541,exp0-nov2023_comp_plain-seed_0-mode_camera-vision,0,464,1,27.07219,26.82812,-0.2779674
542,exp0-nov2023_comp_plain-seed_0-mode_camera-vision,0,465,1,27.86875,26.318754,24.613968
543,exp0-nov2023_comp_plain-seed_0-mode_camera-vision,0,466,1,30.97444,27.093563,22.884624
544,exp0-nov2023_comp_plain-seed_0-mode_camera-vision,1,466,2,-28.234354,35.640835,30.58915
545,exp0-nov2023_comp_plain-seed_0-mode_camera-vision,0,467,2,37.909386,22.087017,19.204792
546,exp0-nov2023_comp_plain-seed_0-mode_camera-vision,0,468,2,29.872187,13.018721,-1.1377639
547,exp0-nov2023_comp_plain-seed_0-mode_camera-vision,0,469,2,28.534424,4.887769,20.7357
548,exp0-nov2023_comp_plain-seed_0-mode_camera-vision,0,470,2,30.43426,7.8609734,26.904514
549,exp0-nov2023_comp_plain-seed_0-mode_camera-vision,2,470,1,-9.316905,-3.4184806,28.014359
550,exp0-nov2023_comp_plain-seed_0-mode_camera-vision,0,471,1,44.44072,16.701178,24.949951
551,exp0-nov2023_comp_plain-seed_0-mode_camera-vision,0,472,1,40.180027,-4.9273195,-5.7704268
552,exp0-nov2023_comp_plain-seed_0-mode_camera-vision,0,473,1,41.08508,20.446762,20.946438
553,exp0-nov2023_comp_plain-seed_0-mode_camera-vision,0,474,1,46.040627,15.566472,32.29216
554,exp0-nov2023_comp_plain-seed_0-mode_camera-vision,0,475,1,43.675766,22.45103,30.111229
555,exp0-nov2023_comp_plain-seed_0-mode_camera-vision,0,476,1,31.309505,0.23228298,29.559269
556,exp0-nov2023_comp_plain-seed_0-mode_camera-vision,0,477,1,33.409805,24.54291,30.118658
557,exp0-nov2023_comp_plain-seed_0-mode_camera-vision,1,477,2,29.23688,34.30869,24.94624
558,exp0-nov2023_comp_plain-seed_0-mode_camera-vision,0,478,2,40.7798,22.421272,24.531925
559,exp0-nov2023_comp_plain-seed_0-mode_camera-vision,0,479,2,41.672462,24.921158,14.142753
560,exp0-nov2023_comp_plain-seed_0-mode_camera-vision,0,480,2,37.575287,30.989468,-36.70361
561,exp0-nov2023_comp_plain-seed_0-mode_camera-vision,0,481,2,44.563828,20.702003,12.626321
562,exp0-nov2023_comp_plain-seed_0-mode_camera-vision,0,482,2,44.684166,15.93532,12.668675
563,exp0-nov2023_comp_plain-seed_0-mode_camera-vision,0,483,2,47.1428,25.102348,23.053251
564,exp0-nov2023_comp_plain-seed_0-mode_camera-vision,0,484,2,38.89277,14.617044,-9.046311
565,exp0-nov2023_comp_plain-seed_0-mode_camera-vision,0,485,2,41.118782,12.056778,21.973156
566,exp0-nov2023_comp_plain-seed_0-mode_camera-vision,0,486,2,41.296154,17.249062,27.59755
567,exp0-nov2023_comp_plain-seed_0-mode_camera-vision,0,487,2,44.389233,20.951094,28.390453
568,exp0-nov2023_comp_plain-seed_0-mode_camera-vision,0,488,2,46.92486,10.1669035,19.841558
569,exp0-nov2023_comp_plain-seed_0-mode_camera-vision,0,489,2,45.02839,6.726261,21.148863
570,exp0-nov2023_comp_plain-seed_0-mode_camera-vision,0,490,2,43.455112,16.267017,18.257019
571,exp0-nov2023_comp_plain-seed_0-mode_camera-vision,0,491,2,42.61104,19.484278,16.348404
572,exp0-nov2023_comp_plain-seed_0-mode_camera-vision,0,492,2,31.076033,18.734222,-38.790394
573,exp0-nov2023_comp_plain-seed_0-mode_camera-vision,0,493,2,18.794037,8.703125,10.30605
574,exp0-nov2023_comp_plain-seed_0-mode_camera-vision,0,494,2,21.410685,6.5538397,13.718883
575,exp0-nov2023_comp_plain-seed_0-mode_camera-vision,2,494,1,-15.485642,2.8951743,16.730091
576,exp0-nov2023_comp_plain-seed_0-mode_camera-vision,2,494,0,-14.471676,5.9142737,31.06304
577,exp0-nov2023_comp_plain-seed_0-mode_camera-vision,0,495,0,43.902565,10.529869,10.744409
578,exp0-nov2023_comp_plain-seed_0-mode_camera-vision,0,496,0,41.052853,-14.921718,5.6762376
579,exp0-nov2023_comp_plain-seed_0-mode_camera-vision,0,497,0,43.565468,25.701874,12.007091
580,exp0-nov2023_comp_plain-seed_0-mode_camera-vision,0,498,0,40.51854,34.0917,12.311835
581,exp0-nov2023_comp_plain-seed_0-mode_camera-vision,0,499,0,44.848583,32.05444,12.020445
582,exp0-nov2023_comp_plain-seed_0-mode_camera-vision,0,500,0,34.139748,23.289728,9.417458
583,exp0-nov2023_comp_plain-seed_0-mode_camera-vision,0,501,0,34.312943,32.175327,10.417146
584,exp0-nov2023_comp_plain-seed_0-mode_camera-vision,1,501,1,28.679422,28.991108,8.213241
585,exp0-nov2023_comp_plain-seed_0-mode_camera-vision,0,502,1,38.824104,23.139294,21.850973
586,exp0-nov2023_comp_plain-seed_0-mode_camera-vision,0,503,1,38.693,25.11742,16.557037
587,exp0-nov2023_comp_plain-seed_0-mode_camera-vision,1,503,2,27.8279,30.965513,-5.634487
588,exp0-nov2023_comp_plain-seed_0-mode_camera-vision,0,504,2,46.201054,19.814398,23.742315
589,exp0-nov2023_comp_plain-seed_0-mode_camera-vision,0,505,2,36.93802,20.277431,15.973289
590,exp0-nov2023_comp_plain-seed_0-mode_camera-vision,0,506,2,39.801907,19.019571,25.154613
591,exp0-nov2023_comp_plain-seed_0-mode_camera-vision,0,507,2,43.217136,18.953922,16.31226
592,exp0-nov2023_comp_plain-seed_0-mode_camera-vision,0,508,2,33.201042,14.296548,-24.51722
593,exp0-nov2023_comp_plain-seed_0-mode_camera-vision,0,509,2,28.325434,9.317477,13.9074135
594,exp0-nov2023_comp_plain-seed_0-mode_camera-vision,0,510,2,30.68972,8.659591,26.09942
595,exp0-nov2023_comp_plain-seed_0-mode_camera-vision,2,510,1,-16.89711,0.8382827,28.54959
596,exp0-nov2023_comp_plain-seed_0-mode_camera-vision,0,511,1,41.005722,15.641968,23.393093
597,exp0-nov2023_comp_plain-seed_0-mode_camera-vision,0,512,1,37.43837,8.544311,-0.47885007
598,exp0-nov2023_comp_plain-seed_0-mode_camera-vision,0,513,1,42.907047,30.77825,23.870173
599,exp0-nov2023_comp_plain-seed_0-mode_camera-vision,0,514,1,42.338333,27.441885,26.747562
600,exp0-nov2023_comp_plain-seed_0-mode_camera-vision,0,515,1,43.774117,30.036604,15.815353
601,exp0-nov2023_comp_plain-seed_0-mode_camera-vision,0,516,1,32.819084,32.524616,4.432604
602,exp0-nov2023_comp_plain-seed_0-mode_camera-vision,0,517,1,31.00482,27.885166,24.312862
603,exp0-nov2023_comp_plain-seed_0-mode_camera-vision,1,517,2,29.057737,32.902214,27.457764
604,exp0-nov2023_comp_plain-seed_0-mode_camera-vision,0,518,2,42.487267,26.907034,13.195785
605,exp0-nov2023_comp_plain-seed_0-mode_camera-vision,0,519,2,35.36584,26.885838,14.139753
606,exp0-nov2023_comp_plain-seed_0-mode_camera-vision,0,520,2,38.0813,30.019464,-31.123598
607,exp0-nov2023_comp_plain-seed_0-mode_camera-vision,0,521,2,37.767757,23.374897,14.455463
608,exp0-nov2023_comp_plain-seed_0-mode_camera-vision,0,522,2,43.711563,10.611247,16.855309
609,exp0-nov2023_comp_plain-seed_0-mode_camera-vision,0,523,2,43.758644,23.604893,22.069115
610,exp0-nov2023_comp_plain-seed_0-mode_camera-vision,0,524,2,37.206142,15.399682,-15.383122
611,exp0-nov2023_comp_plain-seed_0-mode_camera-vision,0,525,2,41.615906,16.934614,23.106262
612,exp0-nov2023_comp_plain-seed_0-mode_camera-vision,0,526,2,38.87205,16.959002,27.475443
613,exp0-nov2023_comp_plain-seed_0-mode_camera-vision,0,527,2,42.3066,14.001561,26.961628
614,exp0-nov2023_comp_plain-seed_0-mode_camera-vision,0,528,2,44.073944,7.6997256,21.82199
615,exp0-nov2023_comp_plain-seed_0-mode_camera-vision,0,529,2,42.989414,6.4260445,21.371159
616,exp0-nov2023_comp_plain-seed_0-mode_camera-vision,0,530,2,44.130634,15.437602,20.227634
617,exp0-nov2023_comp_plain-seed_0-mode_camera-vision,0,531,2,47.288456,17.789698,16.01253
618,exp0-nov2023_comp_plain-seed_0-mode_camera-vision,0,532,2,30.034834,18.326466,-40.782127
619,exp0-nov2023_comp_plain-seed_0-mode_camera-vision,0,533,2,22.413946,7.317656,15.985146
620,exp0-nov2023_comp_plain-seed_0-mode_camera-vision,0,534,2,20.94005,6.36614,19.26517
621,exp0-nov2023_comp_plain-seed_0-mode_camera-vision,2,534,1,-18.815458,1.1568826,20.093042
622,exp0-nov2023_comp_plain-seed_0-mode_camera-vision,2,534,0,-22.741898,10.1303835,30.056238
623,exp0-nov2023_comp_plain-seed_0-mode_camera-vision,0,535,0,42.12485,22.75722,12.214331
624,exp0-nov2023_comp_plain-seed_0-mode_camera-vision,0,536,0,31.563122,-16.66646,2.0063674
625,exp0-nov2023_comp_plain-seed_0-mode_camera-vision,0,537,0,31.667133,31.21924,9.93364
626,exp0-nov2023_comp_plain-seed_0-mode_camera-vision,0,538,0,31.74595,28.586489,5.9452195
627,exp0-nov2023_comp_plain-seed_0-mode_camera-vision,1,538,1,-14.07483,31.819334,7.868882
628,exp0-nov2023_comp_plain-seed_0-mode_camera-vision,0,539,1,44.34317,25.110823,29.611828
629,exp0-nov2023_comp_plain-seed_0-mode_camera-vision,0,540,1,41.586243,25.062965,8.904569
630,exp0-nov2023_comp_plain-seed_0-mode_camera-vision,0,541,1,39.561844,15.630256,18.89438
631,exp0-nov2023_comp_plain-seed_0-mode_camera-vision,0,542,1,41.312828,18.021786,33.925163
632,exp0-nov2023_comp_plain-seed_0-mode_camera-vision,0,543,1,39.981586,24.281828,25.520042
633,exp0-nov2023_comp_plain-seed_0-mode_camera-vision,2,543,0,29.305285,-0.6296221,29.342665
634,exp0-nov2023_comp_plain-seed_0-mode_camera-vision,0,544,0,41.190144,12.795382,9.642958
635,exp0-nov2023_comp_plain-seed_0-mode_camera-vision,0,545,0,44.63371,21.524612,10.741393
636,exp0-nov2023_comp_plain-seed_0-mode_camera-vision,0,546,0,41.82454,14.9381275,10.911473
637,exp0-nov2023_comp_plain-seed_0-mode_camera-vision,0,547,0,38.694458,15.751462,15.346885
638,exp0-nov2023_comp_plain-seed_0-mode_camera-vision,0,548,0,30.735722,-27.413982,12.264102
639,exp0-nov2023_comp_plain-seed_0-mode_camera-vision,0,549,0,26.726238,19.120659,6.6315765
640,exp0-nov2023_comp_plain-seed_0-mode_camera-vision,1,549,1,17.954542,19.43286,-2.0230021
641,exp0-nov2023_comp_plain-seed_0-mode_camera-vision,1,549,2,25.261154,26.949425,17.060001
642,exp0-nov2023_comp_plain-seed_0-mode_camera-vision,0,550,2,40.11503,16.412914,20.954767
643,exp0-nov2023_comp_plain-seed_0-mode_camera-vision,0,551,2,41.49589,21.45758,16.646706
644,exp0-nov2023_comp_plain-seed_0-mode_camera-vision,0,552,2,34.85792,13.1610565,-8.418778
645,exp0-nov2023_comp_plain-seed_0-mode_camera-vision,0,553,2,33.604317,18.647636,12.657771
646,exp0-nov2023_comp_plain-seed_0-mode_camera-vision,0,554,2,34.42969,8.791085,28.014639
647,exp0-nov2023_comp_plain-seed_0-mode_camera-vision,2,554,1,-36.99798,16.992168,31.525663
648,exp0-nov2023_comp_plain-seed_0-mode_camera-vision,0,555,1,41.406948,22.402145,21.542713
649,exp0-nov2023_comp_plain-seed_0-mode_camera-vision,0,556,1,31.311956,-7.5963793,21.980331
